device,run_time_ms
GTX1050Ti,198.78365071614584
P100,41.57665890885917
V100,26.19555609048271
T4,76.40506850385736
