device,run_time_ms
GTX1050Ti,263.46836344401044
P100,54.2527565210638
V100,34.38668926371621
T4,107.16427223847704
