device,run_time_ms
GTX1050Ti,76.93619283040364
P100,16.89528201962618
V100,11.19809849553486
T4,26.442125370068705
