device,run_time_ms
GTX1050Ti,46.566741943359375
P100,12.541935933092445
V100,8.968480093141743
T4,18.234486899800164
