device,run_time_ms
GTX1050Ti,105.0801493326823
P100,22.7812512234906
V100,14.669041553552926
T4,37.062197379724545
