device,run_time_ms
GTX1050Ti,137.75257364908853
P100,29.609228561773563
V100,18.813913601577923
T4,49.880121918486275
