device,run_time_ms
GTX1050Ti,698.3662923177084
P100,165.08842194672454
V100,97.37262577167405
T4,272.0015349121768
