device,run_time_ms
GTX1050Ti,154.00550333658853
P100,41.34076476335779
V100,30.03302960204761
T4,56.830105253713704
