device,run_time_ms
GTX1050Ti,477.8717854817708
P100,113.79638275229794
V100,68.65429794872644
T4,184.6576796520362
