device,run_time_ms
GTX1050Ti,266.9598795572917
P100,64.43592864782434
V100,41.79637452583742
T4,98.63817400748505
