device,run_time_ms
GTX1050Ti,56.104960123697914
P100,15.786659833526185
V100,12.353824059996809
T4,21.430843504692653
