device,run_time_ms
GTX1050Ti,99.27134195963542
P100,20.582702444039505
V100,14.065440235011549
T4,31.38246950472728
