device,run_time_ms
GTX1050Ti,124.0282491048177
P100,24.850249716310394
V100,16.3972704062333
T4,38.946544874672675
