device,run_time_ms
GTX1050Ti,168.21487426757812
P100,34.0272417986124
V100,22.211720930192953
T4,55.93430456061362
