device,run_time_ms
GTX1050Ti,222.6816609700521
P100,44.381850320665755
V100,29.24247694237379
T4,76.52656500577746
