device,run_time_ms
GTX1050Ti,78.23905944824219
P100,17.686999382662528
V100,12.808072823704048
T4,25.771450907338412
